{"cameraMode":{"drawMode":0,"name":"Shaded","section":"Shading Mode"},"sceneLighting":true,"audioPlay":false,"sceneViewState":{"m_AlwaysRefresh":false,"showFog":true,"showSkybox":true,"showFlares":true,"showImageEffects":true,"showParticleSystems":true,"showVisualEffectGraphs":true,"m_FxEnabled":true},"in2DMode":false,"pivot":{"x":28.529834747314454,"y":11.0797700881958,"z":-25.340801239013673},"rotation":{"x":0.29001885652542117,"y":0.6370847225189209,"z":-0.28124570846557619,"w":0.6566722393035889},"size":0.8660253882408142,"orthographic":false}