{"cameraMode":{"drawMode":0,"name":"Shaded","section":"Shading Mode"},"sceneLighting":true,"audioPlay":false,"sceneViewState":{"m_AlwaysRefresh":false,"showFog":true,"showSkybox":true,"showFlares":true,"showImageEffects":true,"showParticleSystems":true,"showVisualEffectGraphs":true,"m_FxEnabled":true},"in2DMode":false,"pivot":{"x":35.10943603515625,"y":16.10111427307129,"z":-29.020036697387697},"rotation":{"x":0.6178643703460693,"y":0.025178950279951097,"z":-0.019548622891306878,"w":0.7858092784881592},"size":1.9090216159820557,"orthographic":false}