{"cameraMode":{"drawMode":0,"name":"Shaded","section":"Shading Mode"},"sceneLighting":true,"audioPlay":false,"sceneViewState":{"m_AlwaysRefresh":false,"showFog":true,"showSkybox":true,"showFlares":true,"showImageEffects":true,"showParticleSystems":true,"showVisualEffectGraphs":true,"m_FxEnabled":true},"in2DMode":false,"pivot":{"x":25.43128776550293,"y":-3.760618209838867,"z":-54.379215240478519},"rotation":{"x":-0.02731466293334961,"y":-0.9384911060333252,"z":0.33659985661506655,"w":-0.07512214779853821},"size":15.109151840209961,"orthographic":false}